WBVar00000553,"CB4856,ED3040,JU258,JU642,MY6"
WBVar00000554,"CB4856,ED3040,JU258,JU642,MY6"
WBVar00000555,CB4856
WBVar00000556,"CB4856,JU1171,MY2,MY14,MY16"
WBVar00000557,CB4856
WBVar00000558,"CB4856,JU258"
WBVar00000561,RW7000
WBVar00000836,CB4856
WBVar00000848,CB4856
WBVar00000851,CB4856
WBVar00000866,CB4856
WBVar00000869,"AB1,AB3,CB4853,CB4854,CB4856,ED3017,ED3021,ED3040,ED3042,ED3049,ED3072,JU258,JU263,JU300,JU312,JU322,JU360,JU533,JU642,JU775,JU1088,JU1171,JU1401,JU1652,MY1,MY2,MY6,MY14,MY16,PX174"